{"cameraMode":{"drawMode":0,"name":"Shaded","section":"Shading Mode"},"sceneLighting":true,"audioPlay":false,"sceneViewState":{"showFog":true,"showMaterialUpdate":false,"showSkybox":true,"showFlares":true,"showImageEffects":true,"showParticleSystems":true},"in2DMode":false,"pivot":{"x":1.5140540599822999,"y":0.7669728994369507,"z":1.2197986841201783},"rotation":{"x":0.4862489104270935,"y":0.5132455825805664,"z":-0.48392245173454287,"w":0.5157128572463989},"size":0.44705379009246828,"orthographic":false}