{"cameraMode":{"drawMode":0,"name":"Shaded","section":"Shading Mode"},"sceneLighting":true,"audioPlay":false,"sceneViewState":{"showFog":true,"showMaterialUpdate":false,"showSkybox":true,"showFlares":true,"showImageEffects":true,"showParticleSystems":true},"in2DMode":false,"pivot":{"x":1.6535923480987549,"y":1.7019109725952149,"z":1.0885142087936402},"rotation":{"x":0.5033858418464661,"y":0.4964877665042877,"z":-0.49203935265541079,"w":0.5079370141029358},"size":4.486059188842773,"orthographic":false}