{"cameraMode":{"drawMode":0,"name":"Shaded","section":"Shading Mode"},"sceneLighting":false,"audioPlay":false,"sceneViewState":{"showFog":true,"showMaterialUpdate":false,"showSkybox":false,"showFlares":true,"showImageEffects":true,"showParticleSystems":true},"in2DMode":false,"pivot":{"x":1.6874346733093262,"y":3.2310004234313967,"z":0.5654107928276062},"rotation":{"x":0.19931942224502564,"y":0.6445199847221375,"z":-0.17941734194755555,"w":0.7160136699676514},"size":0.877605676651001,"orthographic":false}