{"cameraMode":{"drawMode":0,"name":"Shaded","section":"Shading Mode"},"sceneLighting":true,"audioPlay":false,"sceneViewState":{"showFog":true,"showMaterialUpdate":false,"showSkybox":true,"showFlares":true,"showImageEffects":true,"showParticleSystems":true},"in2DMode":false,"pivot":{"x":1.4602515697479249,"y":0.7255836725234985,"z":1.1192131042480469},"rotation":{"x":0.4250774085521698,"y":0.5546103715896606,"z":-0.39552342891693118,"w":0.5960530042648315},"size":0.5447201132774353,"orthographic":false}